[
  {
    "_id": "4cb64328-74f4-46b4-a1ba-e7a4c6743385",
    "userId": "47637311-7a73-4eab-838b-e77d48133ed4",
    "username": "danayasa",
    "loginTimestamp": "2025-08-17T05:25:50.579Z",
    "userAgent": "Mozilla/5.0 (Windows NT 10.0; Win64; x64) AppleWebKit/537.36 (KHTML, like Gecko) Chrome/138.0.0.0 Safari/537.36",
    "ipAddress": "127.0.0.1"
  },
  {
    "_id": "d110cd9f-d194-438a-87b4-c11fe2afbb5e",
    "userId": "024df222-d642-475b-a44b-33e4b48b722d",
    "username": "kadek",
    "loginTimestamp": "2025-08-17T07:38:21.809Z",
    "userAgent": "Mozilla/5.0 (Windows NT 10.0; Win64; x64) AppleWebKit/537.36 (KHTML, like Gecko) Chrome/138.0.0.0 Safari/537.36",
    "ipAddress": "127.0.0.1"
  }
]